id;nom;prenom;mail;num_tel;photo;photo_content_type
1;reciprocal withdrawal;synthesize compressing;multi-byte Administrateur;paradigm;../fake-data/blob/hipster.png;image/png
2;foreground XSS engage;a interfaces;Handcrafted iterate PNG;Account;../fake-data/blob/hipster.png;image/png
3;content;Jewelery c;Licensed;uniform content;../fake-data/blob/hipster.png;image/png
4;a Wooden;Metal Wooden back-end;Avon online;index;../fake-data/blob/hipster.png;image/png
5;transitional Multi-layered Hryvnia;orange;hub encoding Canada;b a;../fake-data/blob/hipster.png;image/png
6;payment;Rh√¥ne-Alpes neural;migration Plastic Small;Automotive Fantastic Ball;../fake-data/blob/hipster.png;image/png
7;Pants;Market Gorgeous;back-end Cambridgeshire Cotton;wireless COM Licensed;../fake-data/blob/hipster.png;image/png
8;Superviseur Account b;Checking;feed;b cutting-edge Account;../fake-data/blob/hipster.png;image/png
9;copying viral systems;invoice cohesive;Corse generating;Basse-Normandie Sausages;../fake-data/blob/hipster.png;image/png
10;index;e-business Loan;Shoes;hack synthesize alarm;../fake-data/blob/hipster.png;image/png
