id;nom;description;code_fiscal;photo;photo_content_type;email;num_te;site_web
1;Iranian b Granite;Wooden;generate override bandwidth;../fake-data/blob/hipster.png;image/png;Clry_Lambert@gmail.com;navigate;haptic Pound Rustic
2;Networked user-centric;innovate expedite Dollar;Loan payment;../fake-data/blob/hipster.png;image/png;Aliz12@yahoo.fr;centrafricaine web-enabled Handmade;Generic alarm bluetooth
3;Granite;frictionless deposit;Tugrik drive Kwacha;../fake-data/blob/hipster.png;image/png;Alinor4@hotmail.fr;Plastic gold;Ingenieur bleeding-edge proactive
4;frame Fresh back-end;calculating;hack architectures Corse;../fake-data/blob/hipster.png;image/png;Coraline_Dumont78@yahoo.fr;user Electronics optimize;Loan
5;Business-focused;Alsace service-desk;deposit Ergonomic;../fake-data/blob/hipster.png;image/png;Lucienne_Bourgeois@gmail.com;Irak de;invoice
6;Down-sized Franc Niger;Avon info-mediaries Picardie;dot-com a;../fake-data/blob/hipster.png;image/png;Nolle.Guerin10@yahoo.fr;a partnerships PCI;de generate La
7;haptic;c Pre-emptive;withdrawal;../fake-data/blob/hipster.png;image/png;Abondance.Bourgeois@yahoo.fr;b;Loan Intelligent
8;state challenge Account;success Havre;Developpeur Basse-Normandie;../fake-data/blob/hipster.png;image/png;Madeleine16@hotmail.fr;SDD synergies c;optimize
9;interface a;Avon a a;ÃŽle-de-France Oman;../fake-data/blob/hipster.png;image/png;Claire_Rodriguez@hotmail.fr;payment Rial;functionalities Marcadet
10;Unbranded;azure Guyana;Ergonomic Fresh Irlande;../fake-data/blob/hipster.png;image/png;mile_Lemaire@gmail.com;composite program;help-desk
