id;nom;prenom;date_naissance;email;mot_de_pass;photo;photo_content_type
1;online Fresh;next-generation efficient;2021-09-05T19:30:46;Dieudonn86@yahoo.fr;Automotive Account SCSI;../fake-data/blob/hipster.png;image/png
2;index cross-platform connecting;c Organic;2021-09-05T23:50:04;Thrse.Lemaire@gmail.com;Gorgeous;../fake-data/blob/hipster.png;image/png
3;architect Account;index;2021-09-06T04:48:02;Baudouin66@yahoo.fr;silver mindshare Ferronnerie;../fake-data/blob/hipster.png;image/png
4;Bhutanese De-engineered;sexy quantify;2021-09-05T12:08:28;Nine18@hotmail.fr;calculating calculating bus;../fake-data/blob/hipster.png;image/png
5;la solutions;systemic mesh Enterprise-wide;2021-09-05T20:14:05;Isabeau_Lemoine5@gmail.com;Unbranded Awesome;../fake-data/blob/hipster.png;image/png
6;c Soft;AI;2021-09-05T21:56:54;Doriane_Michel68@yahoo.fr;Specialiste;../fake-data/blob/hipster.png;image/png
7;PNG;mobile;2021-09-05T23:17:33;Oriande4@gmail.com;Versatile Quetzal;../fake-data/blob/hipster.png;image/png
8;optical;generating;2021-09-05T13:34:54;Josse.Hubert@yahoo.fr;Metal Account;../fake-data/blob/hipster.png;image/png
9;Poitou-Charentes hard up;Investment Moli√®re Awesome;2021-09-06T01:45:48;Lopoldine.Barre@yahoo.fr;Games;../fake-data/blob/hipster.png;image/png
10;transmitting Borders compress;Refined;2021-09-06T06:32:53;Vronique_Lemaire28@yahoo.fr;Cambridgeshire impactful Aquitaine;../fake-data/blob/hipster.png;image/png
